date,symbol,post_count,total_comments,total_score,avg_upvote_ratio
2026-02-01,SOFI,1,61,54,0.91
2026-02-02,SOFI,6,230,282,0.918
2026-02-03,IONQ,3,21,65,0.923
2026-02-03,SOFI,6,636,788,0.958
2026-02-04,IONQ,5,12,106,0.962
2026-02-04,SOFI,8,514,240,0.765
2026-02-05,IONQ,3,33,23,0.717
2026-02-05,SOFI,17,585,274,0.688
2026-02-06,IONQ,2,14,28,0.83
2026-02-06,SOFI,15,306,477,0.739
2026-02-07,IONQ,2,0,42,0.965
2026-02-07,SOFI,12,239,400,0.731
2026-02-08,IONQ,5,27,65,0.918
2026-02-08,SOFI,5,73,100,0.696
2026-02-09,IONQ,1,0,7,0.89
2026-02-09,SOFI,14,202,273,0.632
2026-02-10,IONQ,3,3,59,0.977
2026-02-10,SOFI,5,65,36,0.728
2026-02-11,IONQ,5,3,48,0.836
2026-02-11,SOFI,16,446,215,0.632
2026-02-12,IONQ,1,12,8,1.0
2026-02-12,SOFI,19,507,450,0.712
2026-02-13,IONQ,2,29,43,0.855
2026-02-13,SOFI,13,424,589,0.737
2026-02-14,IONQ,1,7,14,0.85
2026-02-14,SOFI,10,91,85,0.575
2026-02-15,IONQ,2,0,2,1.0
2026-02-15,SOFI,103,137,203,0.929
